<?xml version="1.0" encoding="UTF-8"?>
<beans xmlns="http://www.springframework.org/schema/beans"
	xmlns:ctx="http://www.springframework.org/schema/context" xmlns:p="http://www.springframework.org/schema/p"
	xmlns:tx="http://www.springframework.org/schema/tx" xmlns:xsi="http://www.w3.org/2001/XMLSchema-instance"
	xsi:schemaLocation="http://www.springframework.org/schema/beans 
	http://www.springframework.org/schema/beans/spring-beans-2.5.xsd
	http://www.springframework.org/schema/context
	http://www.springframework.org/schema/context/spring-context-2.5.xsd
	http://www.springframework.org/schema/tx
    http://www.springframework.org/schema/tx/spring-tx-2.0.xsd">

    <ctx:annotation-config></ctx:annotation-config>
	<ctx:component-scan base-package="com"></ctx:component-scan>
	
	<bean id="dataSource"
		class="org.springframework.jdbc.datasource.DriverManagerDataSource">
		<property name="driverClassName" value="com.mysql.jdbc.Driver" />
		<property name="url" value="jdbc:mysql://localhost:3306/hospital" />
		<property name="username" value="root" />
		<property name="password" value="root" />
	</bean>

	<bean id="entityManagerFactory"
		class="org.springframework.orm.jpa.LocalContainerEntityManagerFactoryBean">
		<property name="dataSource" ref="dataSource" />
		<property name="persistenceUnitName" value="JPA" />
		<property name="jpaVendorAdapter">
			<bean class="org.springframework.orm.jpa.vendor.HibernateJpaVendorAdapter">
				<property name="showSql" value="true" />
				<property name="generateDdl" value="true" />
				<property name="databasePlatform" value="org.hibernate.dialect.MySQLDialect" />
			</bean>
		</property>

	</bean>
	
	 <tx:annotation-driven/>  

	<bean class="org.springframework.orm.jpa.support.PersistenceAnnotationBeanPostProcessor" />
	<bean id="transactionManager" class="org.springframework.orm.jpa.JpaTransactionManager"
		p:entity-manager-factory-ref="entityManagerFactory">
		<property name="entityManagerFactory" ref="entityManagerFactory" />
		<property name="dataSource" ref="dataSource" />
	</bean>
		
	<bean class="org.springframework.web.servlet.view.InternalResourceViewResolver">
		<property name="prefix" value="/WEB-INF/" />
		<property name="suffix" value=".jsp" />
	</bean>
</beans>